{
  "config": {
    "objective_metrics": [
      "accuracy",
      "emissions"
    ],
    "optimization_parameters": [
      "DROPOUT",
      "BATCH_SIZE",
      "EPOCHS",
      "LR"
    ],
    "goal": [
      "MAX",
      "MIN"
    ],
    "ground_truth_dim": 25,
    "n_candidates": 1,
    "n_restarts": 10,
    "raw_samples": 1000,
    "optimizers": "optimize_acqf",
    "acqf": "ucb",
    "beta": 1.5,
    "verbose": true
  },
  "X_ground_truth": [
    [
      0.1,
      16.0,
      10.0,
      0.0001
    ],
    [
      0.1,
      16.0,
      10.0,
      0.0001
    ],
    [
      0.1,
      16.0,
      10.0,
      0.0001
    ],
    [
      0.1,
      16.0,
      10.0,
      0.0001
    ],
    [
      0.1,
      16.0,
      10.0,
      0.0001
    ],
    [
      0.1,
      16.0,
      10.0,
      0.0001
    ],
    [
      0.25,
      16.0,
      10.0,
      0.0001
    ],
    [
      0.25,
      16.0,
      10.0,
      0.0001
    ],
    [
      0.25,
      16.0,
      10.0,
      0.0001
    ],
    [
      0.25,
      16.0,
      10.0,
      0.0001
    ],
    [
      0.25,
      16.0,
      10.0,
      0.0001
    ],
    [
      0.25,
      16.0,
      10.0,
      0.0001
    ],
    [
      0.5,
      16.0,
      10.0,
      0.0001
    ],
    [
      0.5,
      16.0,
      10.0,
      0.0001
    ],
    [
      0.5,
      16.0,
      10.0,
      0.0001
    ],
    [
      0.5,
      16.0,
      10.0,
      0.0001
    ],
    [
      0.5,
      16.0,
      10.0,
      0.0001
    ],
    [
      0.5,
      16.0,
      10.0,
      0.0001
    ],
    [
      0.1,
      32.0,
      10.0,
      0.0001
    ],
    [
      0.1,
      32.0,
      10.0,
      0.0001
    ],
    [
      0.1,
      32.0,
      10.0,
      0.0001
    ],
    [
      0.1,
      32.0,
      10.0,
      0.0001
    ],
    [
      0.1,
      32.0,
      10.0,
      0.0001
    ],
    [
      0.1,
      32.0,
      10.0,
      0.0001
    ],
    [
      0.25,
      32.0,
      10.0,
      0.0001
    ]
  ],
  "Y_ground_truth": [
    [
      0.702,
      0.00653038639575243
    ],
    [
      0.698,
      0.00643329881131649
    ],
    [
      0.6944,
      0.006587603595107794
    ],
    [
      0.7017,
      0.0059297410771250725
    ],
    [
      0.6687,
      0.005554140079766512
    ],
    [
      0.6553,
      0.005456891376525164
    ],
    [
      0.7218,
      0.006446691695600748
    ],
    [
      0.7145,
      0.0067396205849945545
    ],
    [
      0.7218,
      0.0071053351275622845
    ],
    [
      0.7141,
      0.005945968441665173
    ],
    [
      0.6332,
      0.005565463099628687
    ],
    [
      0.6594,
      0.005735128186643124
    ],
    [
      0.7316,
      0.006272809114307165
    ],
    [
      0.7343,
      0.0067813885398209095
    ],
    [
      0.7132,
      0.005872048437595367
    ],
    [
      0.7208,
      0.006245841272175312
    ],
    [
      0.6217,
      0.005341873504221439
    ],
    [
      0.6194,
      0.006430815905332565
    ],
    [
      0.7074,
      0.0039430903270840645
    ],
    [
      0.7008,
      0.004874587524682283
    ],
    [
      0.6934,
      0.0037259242963045835
    ],
    [
      0.706,
      0.004538702312856913
    ],
    [
      0.6433,
      0.0034759787376970053
    ],
    [
      0.6481,
      0.004302205517888069
    ],
    [
      0.7162,
      0.004488569684326649
    ]
  ],
  "X_norm": [
    [
      0.019230769230769246,
      0.019230769230769246,
      0.0,
      0.0
    ],
    [
      0.019230769230769246,
      0.019230769230769246,
      0.0,
      0.0
    ],
    [
      0.019230769230769246,
      0.019230769230769246,
      0.0,
      0.0
    ],
    [
      0.019230769230769246,
      0.019230769230769246,
      0.0,
      0.0
    ],
    [
      0.019230769230769246,
      0.019230769230769246,
      0.0,
      0.0
    ],
    [
      0.019230769230769246,
      0.019230769230769246,
      0.0,
      0.0
    ],
    [
      0.3798076923076923,
      0.019230769230769246,
      0.0,
      0.0
    ],
    [
      0.3798076923076923,
      0.019230769230769246,
      0.0,
      0.0
    ],
    [
      0.3798076923076923,
      0.019230769230769246,
      0.0,
      0.0
    ],
    [
      0.3798076923076923,
      0.019230769230769246,
      0.0,
      0.0
    ],
    [
      0.3798076923076923,
      0.019230769230769246,
      0.0,
      0.0
    ],
    [
      0.3798076923076923,
      0.019230769230769246,
      0.0,
      0.0
    ],
    [
      0.9807692307692307,
      0.019230769230769246,
      0.0,
      0.0
    ],
    [
      0.9807692307692307,
      0.019230769230769246,
      0.0,
      0.0
    ],
    [
      0.9807692307692307,
      0.019230769230769246,
      0.0,
      0.0
    ],
    [
      0.9807692307692307,
      0.019230769230769246,
      0.0,
      0.0
    ],
    [
      0.9807692307692307,
      0.019230769230769246,
      0.0,
      0.0
    ],
    [
      0.9807692307692307,
      0.019230769230769246,
      0.0,
      0.0
    ],
    [
      0.019230769230769246,
      0.9807692307692307,
      0.0,
      0.0
    ],
    [
      0.019230769230769246,
      0.9807692307692307,
      0.0,
      0.0
    ],
    [
      0.019230769230769246,
      0.9807692307692307,
      0.0,
      0.0
    ],
    [
      0.019230769230769246,
      0.9807692307692307,
      0.0,
      0.0
    ],
    [
      0.019230769230769246,
      0.9807692307692307,
      0.0,
      0.0
    ],
    [
      0.019230769230769246,
      0.9807692307692307,
      0.0,
      0.0
    ],
    [
      0.3798076923076923,
      0.9807692307692307,
      0.0,
      0.0
    ]
  ],
  "bounds": [
    [
      0.092,
      15.68,
      10.0,
      0.0001
    ],
    [
      0.508,
      32.32,
      10.0,
      0.0001
    ]
  ],
  "results": {
    "candidates": [
      [
        0.508,
        31.96621703255555,
        10.508630635891768,
        0.6500260473693349
      ]
    ],
    "acq_values": 0.36298832016108734,
    "posterior": {
      "mean": [
        [
          0.6883745465202445,
          0.00507279596319885
        ]
      ],
      "variance": [
        [
          0.034825927299516564,
          0.0010234752897149133
        ]
      ]
    },
    "elapsed_time": 0.9211240999866277
  }
}